driver_id,total_fare,avg_distance
69,67.22,32.54
34,147.79,32.129999999999995
22,87.07,11.79
35,84.56,42.73
52,77.99000000000001,41.21
47,10.26,5.3
89,144.0,13.11
6,148.12,8.36
90,188.98,33.83
19,45.16,25.07
38,110.39,19.02
25,23.67,4.95
82,149.96,41.63
58,179.09,39.78
81,136.93,33.315
84,129.26,24.86
79,52.25,23.27
24,68.88,5.59
1,9.29,9.17
20,18.92,31.33
37,40.84,45.06
4,18.24,45.34
83,140.89,20.24
14,112.57,20.21
91,37.06,2.52
74,150.93,30.035
76,101.71,8.72
